<meta>
	<info author="Zipper" type="script" version="1.0.3" />
	
	<!-- Visit [www.Vio-RL.de], if you're interested in german Reallife!!! -->
	
	<file src="images/cards/black/2_b.png" />
	<file src="images/cards/black/3_b.png" />
	<file src="images/cards/black/4_b.png" />
	<file src="images/cards/black/5_b.png" />
	<file src="images/cards/black/6_b.png" />
	<file src="images/cards/black/7_b.png" />
	<file src="images/cards/black/8_b.png" />
	<file src="images/cards/black/9_b.png" />
	<file src="images/cards/black/10_b.png" />
	<file src="images/cards/black/a_b.png" />
	<file src="images/cards/black/j_b.png" />
	<file src="images/cards/black/q_b.png" />
	<file src="images/cards/black/k_b.png" />
	<file src="images/cards/red/2_r.png" />
	<file src="images/cards/red/3_r.png" />
	<file src="images/cards/red/4_r.png" />
	<file src="images/cards/red/5_r.png" />
	<file src="images/cards/red/6_r.png" />
	<file src="images/cards/red/7_r.png" />
	<file src="images/cards/red/8_r.png" />
	<file src="images/cards/red/9_r.png" />
	<file src="images/cards/red/10_r.png" />
	<file src="images/cards/red/a_r.png" />
	<file src="images/cards/red/j_r.png" />
	<file src="images/cards/red/q_r.png" />
	<file src="images/cards/red/k_r.png" />
	<file src="images/cards/symbols/herz.png" />
	<file src="images/cards/symbols/karo.png" />
	<file src="images/cards/symbols/kreuz.png" />
	<file src="images/cards/symbols/pik.png" />
	<file src="images/cards/images/bg.png" />
	<file src="images/cards/images/j.png" />
	<file src="images/cards/images/k.png" />
	<file src="images/cards/images/q.png" />
	
	<script src="poker_client.lua" type="client" />
	<script src="poker_settings.lua" type="client" />
	<script src="poker_settings.lua" type="server" />
	<script src="poker_server.lua" type="server"/>
</meta>